game_id,ww1,ww2,seer,doctor,v1,v2,v3,v4,status,winner,rounds
1,Baseline,Reflection,ReAct,ToT,Baseline2,Reflection2,ReAct2,ToT2,done,village,3
2,Baseline,Reflection,ReAct,Baseline2,ToT,Reflection2,ReAct2,ToT2,done,werewolf,3
3,Baseline,Reflection,ReAct,Reflection2,ToT,Baseline2,ReAct2,ToT2,done,village,2
4,Baseline,Reflection,ReAct,ReAct2,ToT,Baseline2,Reflection2,ToT2,done,werewolf,2
5,Baseline,Reflection,ReAct,ToT2,ToT,Baseline2,Reflection2,ReAct2,done,village,2
6,Baseline,Reflection,ToT,ReAct,Baseline2,Reflection2,ReAct2,ToT2,done,werewolf,3
7,Baseline,Reflection,ToT,Baseline2,ReAct,Reflection2,ReAct2,ToT2,done,werewolf,3
8,Baseline,Reflection,ToT,Reflection2,ReAct,Baseline2,ReAct2,ToT2,done,werewolf,2
9,Baseline,Reflection,ToT,ReAct2,ReAct,Baseline2,Reflection2,ToT2,done,werewolf,3
10,Baseline,Reflection,ToT,ToT2,ReAct,Baseline2,Reflection2,ReAct2,done,werewolf,3
11,Baseline,Reflection,Baseline2,ReAct,ToT,Reflection2,ReAct2,ToT2,done,village,3
12,Baseline,Reflection,Baseline2,ToT,ReAct,Reflection2,ReAct2,ToT2,done,werewolf,3
13,Baseline,Reflection,Baseline2,Reflection2,ReAct,ToT,ReAct2,ToT2,done,werewolf,3
14,Baseline,Reflection,Baseline2,ReAct2,ReAct,ToT,Reflection2,ToT2,done,werewolf,3
15,Baseline,Reflection,Baseline2,ToT2,ReAct,ToT,Reflection2,ReAct2,pending,,
16,Baseline,Reflection,Reflection2,ReAct,ToT,Baseline2,ReAct2,ToT2,pending,,
17,Baseline,Reflection,Reflection2,ToT,ReAct,Baseline2,ReAct2,ToT2,pending,,
18,Baseline,Reflection,Reflection2,Baseline2,ReAct,ToT,ReAct2,ToT2,pending,,
19,Baseline,Reflection,Reflection2,ReAct2,ReAct,ToT,Baseline2,ToT2,pending,,
20,Baseline,Reflection,Reflection2,ToT2,ReAct,ToT,Baseline2,ReAct2,pending,,
21,Baseline,Reflection,ReAct2,ReAct,ToT,Baseline2,Reflection2,ToT2,pending,,
22,Baseline,Reflection,ReAct2,ToT,ReAct,Baseline2,Reflection2,ToT2,pending,,
23,Baseline,Reflection,ReAct2,Baseline2,ReAct,ToT,Reflection2,ToT2,pending,,
24,Baseline,Reflection,ReAct2,Reflection2,ReAct,ToT,Baseline2,ToT2,pending,,
25,Baseline,Reflection,ReAct2,ToT2,ReAct,ToT,Baseline2,Reflection2,pending,,
26,Baseline,Reflection,ToT2,ReAct,ToT,Baseline2,Reflection2,ReAct2,pending,,
27,Baseline,Reflection,ToT2,ToT,ReAct,Baseline2,Reflection2,ReAct2,pending,,
28,Baseline,Reflection,ToT2,Baseline2,ReAct,ToT,Reflection2,ReAct2,pending,,
29,Baseline,Reflection,ToT2,Reflection2,ReAct,ToT,Baseline2,ReAct2,pending,,
30,Baseline,Reflection,ToT2,ReAct2,ReAct,ToT,Baseline2,Reflection2,pending,,
31,Baseline,ReAct,Reflection,ToT,Baseline2,Reflection2,ReAct2,ToT2,pending,,
32,Baseline,ReAct,Reflection,Baseline2,ToT,Reflection2,ReAct2,ToT2,pending,,
33,Baseline,ReAct,Reflection,Reflection2,ToT,Baseline2,ReAct2,ToT2,pending,,
34,Baseline,ReAct,Reflection,ReAct2,ToT,Baseline2,Reflection2,ToT2,pending,,
35,Baseline,ReAct,Reflection,ToT2,ToT,Baseline2,Reflection2,ReAct2,pending,,
36,Baseline,ReAct,ToT,Reflection,Baseline2,Reflection2,ReAct2,ToT2,pending,,
37,Baseline,ReAct,ToT,Baseline2,Reflection,Reflection2,ReAct2,ToT2,pending,,
38,Baseline,ReAct,ToT,Reflection2,Reflection,Baseline2,ReAct2,ToT2,pending,,
39,Baseline,ReAct,ToT,ReAct2,Reflection,Baseline2,Reflection2,ToT2,pending,,
40,Baseline,ReAct,ToT,ToT2,Reflection,Baseline2,Reflection2,ReAct2,pending,,
41,Baseline,ReAct,Baseline2,Reflection,ToT,Reflection2,ReAct2,ToT2,pending,,
42,Baseline,ReAct,Baseline2,ToT,Reflection,Reflection2,ReAct2,ToT2,pending,,
43,Baseline,ReAct,Baseline2,Reflection2,Reflection,ToT,ReAct2,ToT2,pending,,
44,Baseline,ReAct,Baseline2,ReAct2,Reflection,ToT,Reflection2,ToT2,pending,,
45,Baseline,ReAct,Baseline2,ToT2,Reflection,ToT,Reflection2,ReAct2,pending,,
46,Baseline,ReAct,Reflection2,Reflection,ToT,Baseline2,ReAct2,ToT2,pending,,
47,Baseline,ReAct,Reflection2,ToT,Reflection,Baseline2,ReAct2,ToT2,pending,,
48,Baseline,ReAct,Reflection2,Baseline2,Reflection,ToT,ReAct2,ToT2,pending,,
49,Baseline,ReAct,Reflection2,ReAct2,Reflection,ToT,Baseline2,ToT2,pending,,
50,Baseline,ReAct,Reflection2,ToT2,Reflection,ToT,Baseline2,ReAct2,pending,,
51,Baseline,ReAct,ReAct2,Reflection,ToT,Baseline2,Reflection2,ToT2,pending,,
52,Baseline,ReAct,ReAct2,ToT,Reflection,Baseline2,Reflection2,ToT2,pending,,
53,Baseline,ReAct,ReAct2,Baseline2,Reflection,ToT,Reflection2,ToT2,pending,,
54,Baseline,ReAct,ReAct2,Reflection2,Reflection,ToT,Baseline2,ToT2,pending,,
55,Baseline,ReAct,ReAct2,ToT2,Reflection,ToT,Baseline2,Reflection2,pending,,
56,Baseline,ReAct,ToT2,Reflection,ToT,Baseline2,Reflection2,ReAct2,pending,,
57,Baseline,ReAct,ToT2,ToT,Reflection,Baseline2,Reflection2,ReAct2,pending,,
58,Baseline,ReAct,ToT2,Baseline2,Reflection,ToT,Reflection2,ReAct2,pending,,
59,Baseline,ReAct,ToT2,Reflection2,Reflection,ToT,Baseline2,ReAct2,pending,,
60,Baseline,ReAct,ToT2,ReAct2,Reflection,ToT,Baseline2,Reflection2,pending,,
61,Baseline,ToT,Reflection,ReAct,Baseline2,Reflection2,ReAct2,ToT2,pending,,
62,Baseline,ToT,Reflection,Baseline2,ReAct,Reflection2,ReAct2,ToT2,pending,,
63,Baseline,ToT,Reflection,Reflection2,ReAct,Baseline2,ReAct2,ToT2,pending,,
64,Baseline,ToT,Reflection,ReAct2,ReAct,Baseline2,Reflection2,ToT2,pending,,
65,Baseline,ToT,Reflection,ToT2,ReAct,Baseline2,Reflection2,ReAct2,pending,,
66,Baseline,ToT,ReAct,Reflection,Baseline2,Reflection2,ReAct2,ToT2,pending,,
67,Baseline,ToT,ReAct,Baseline2,Reflection,Reflection2,ReAct2,ToT2,pending,,
68,Baseline,ToT,ReAct,Reflection2,Reflection,Baseline2,ReAct2,ToT2,pending,,
69,Baseline,ToT,ReAct,ReAct2,Reflection,Baseline2,Reflection2,ToT2,pending,,
70,Baseline,ToT,ReAct,ToT2,Reflection,Baseline2,Reflection2,ReAct2,pending,,
71,Baseline,ToT,Baseline2,Reflection,ReAct,Reflection2,ReAct2,ToT2,pending,,
72,Baseline,ToT,Baseline2,ReAct,Reflection,Reflection2,ReAct2,ToT2,pending,,
73,Baseline,ToT,Baseline2,Reflection2,Reflection,ReAct,ReAct2,ToT2,pending,,
74,Baseline,ToT,Baseline2,ReAct2,Reflection,ReAct,Reflection2,ToT2,pending,,
75,Baseline,ToT,Baseline2,ToT2,Reflection,ReAct,Reflection2,ReAct2,pending,,
76,Baseline,ToT,Reflection2,Reflection,ReAct,Baseline2,ReAct2,ToT2,pending,,
77,Baseline,ToT,Reflection2,ReAct,Reflection,Baseline2,ReAct2,ToT2,pending,,
78,Baseline,ToT,Reflection2,Baseline2,Reflection,ReAct,ReAct2,ToT2,pending,,
79,Baseline,ToT,Reflection2,ReAct2,Reflection,ReAct,Baseline2,ToT2,pending,,
80,Baseline,ToT,Reflection2,ToT2,Reflection,ReAct,Baseline2,ReAct2,pending,,
81,Baseline,ToT,ReAct2,Reflection,ReAct,Baseline2,Reflection2,ToT2,pending,,
82,Baseline,ToT,ReAct2,ReAct,Reflection,Baseline2,Reflection2,ToT2,pending,,
83,Baseline,ToT,ReAct2,Baseline2,Reflection,ReAct,Reflection2,ToT2,pending,,
84,Baseline,ToT,ReAct2,Reflection2,Reflection,ReAct,Baseline2,ToT2,pending,,
85,Baseline,ToT,ReAct2,ToT2,Reflection,ReAct,Baseline2,Reflection2,pending,,
86,Baseline,ToT,ToT2,Reflection,ReAct,Baseline2,Reflection2,ReAct2,pending,,
87,Baseline,ToT,ToT2,ReAct,Reflection,Baseline2,Reflection2,ReAct2,pending,,
88,Baseline,ToT,ToT2,Baseline2,Reflection,ReAct,Reflection2,ReAct2,pending,,
89,Baseline,ToT,ToT2,Reflection2,Reflection,ReAct,Baseline2,ReAct2,pending,,
90,Baseline,ToT,ToT2,ReAct2,Reflection,ReAct,Baseline2,Reflection2,pending,,
91,Baseline,Baseline2,Reflection,ReAct,ToT,Reflection2,ReAct2,ToT2,pending,,
92,Baseline,Baseline2,Reflection,ToT,ReAct,Reflection2,ReAct2,ToT2,pending,,
93,Baseline,Baseline2,Reflection,Reflection2,ReAct,ToT,ReAct2,ToT2,pending,,
94,Baseline,Baseline2,Reflection,ReAct2,ReAct,ToT,Reflection2,ToT2,pending,,
95,Baseline,Baseline2,Reflection,ToT2,ReAct,ToT,Reflection2,ReAct2,pending,,
96,Baseline,Baseline2,ReAct,Reflection,ToT,Reflection2,ReAct2,ToT2,pending,,
97,Baseline,Baseline2,ReAct,ToT,Reflection,Reflection2,ReAct2,ToT2,pending,,
98,Baseline,Baseline2,ReAct,Reflection2,Reflection,ToT,ReAct2,ToT2,pending,,
99,Baseline,Baseline2,ReAct,ReAct2,Reflection,ToT,Reflection2,ToT2,pending,,
100,Baseline,Baseline2,ReAct,ToT2,Reflection,ToT,Reflection2,ReAct2,pending,,
101,Baseline,Baseline2,ToT,Reflection,ReAct,Reflection2,ReAct2,ToT2,pending,,
102,Baseline,Baseline2,ToT,ReAct,Reflection,Reflection2,ReAct2,ToT2,pending,,
103,Baseline,Baseline2,ToT,Reflection2,Reflection,ReAct,ReAct2,ToT2,pending,,
104,Baseline,Baseline2,ToT,ReAct2,Reflection,ReAct,Reflection2,ToT2,pending,,
105,Baseline,Baseline2,ToT,ToT2,Reflection,ReAct,Reflection2,ReAct2,pending,,
106,Baseline,Baseline2,Reflection2,Reflection,ReAct,ToT,ReAct2,ToT2,pending,,
107,Baseline,Baseline2,Reflection2,ReAct,Reflection,ToT,ReAct2,ToT2,pending,,
108,Baseline,Baseline2,Reflection2,ToT,Reflection,ReAct,ReAct2,ToT2,pending,,
109,Baseline,Baseline2,Reflection2,ReAct2,Reflection,ReAct,ToT,ToT2,pending,,
110,Baseline,Baseline2,Reflection2,ToT2,Reflection,ReAct,ToT,ReAct2,pending,,
111,Baseline,Baseline2,ReAct2,Reflection,ReAct,ToT,Reflection2,ToT2,pending,,
112,Baseline,Baseline2,ReAct2,ReAct,Reflection,ToT,Reflection2,ToT2,pending,,
113,Baseline,Baseline2,ReAct2,ToT,Reflection,ReAct,Reflection2,ToT2,pending,,
114,Baseline,Baseline2,ReAct2,Reflection2,Reflection,ReAct,ToT,ToT2,pending,,
115,Baseline,Baseline2,ReAct2,ToT2,Reflection,ReAct,ToT,Reflection2,pending,,
116,Baseline,Baseline2,ToT2,Reflection,ReAct,ToT,Reflection2,ReAct2,pending,,
117,Baseline,Baseline2,ToT2,ReAct,Reflection,ToT,Reflection2,ReAct2,pending,,
118,Baseline,Baseline2,ToT2,ToT,Reflection,ReAct,Reflection2,ReAct2,pending,,
119,Baseline,Baseline2,ToT2,Reflection2,Reflection,ReAct,ToT,ReAct2,pending,,
120,Baseline,Baseline2,ToT2,ReAct2,Reflection,ReAct,ToT,Reflection2,pending,,
121,Baseline,Reflection2,Reflection,ReAct,ToT,Baseline2,ReAct2,ToT2,pending,,
122,Baseline,Reflection2,Reflection,ToT,ReAct,Baseline2,ReAct2,ToT2,pending,,
123,Baseline,Reflection2,Reflection,Baseline2,ReAct,ToT,ReAct2,ToT2,pending,,
124,Baseline,Reflection2,Reflection,ReAct2,ReAct,ToT,Baseline2,ToT2,pending,,
125,Baseline,Reflection2,Reflection,ToT2,ReAct,ToT,Baseline2,ReAct2,pending,,
126,Baseline,Reflection2,ReAct,Reflection,ToT,Baseline2,ReAct2,ToT2,pending,,
127,Baseline,Reflection2,ReAct,ToT,Reflection,Baseline2,ReAct2,ToT2,pending,,
128,Baseline,Reflection2,ReAct,Baseline2,Reflection,ToT,ReAct2,ToT2,pending,,
129,Baseline,Reflection2,ReAct,ReAct2,Reflection,ToT,Baseline2,ToT2,pending,,
130,Baseline,Reflection2,ReAct,ToT2,Reflection,ToT,Baseline2,ReAct2,pending,,
131,Baseline,Reflection2,ToT,Reflection,ReAct,Baseline2,ReAct2,ToT2,pending,,
132,Baseline,Reflection2,ToT,ReAct,Reflection,Baseline2,ReAct2,ToT2,pending,,
133,Baseline,Reflection2,ToT,Baseline2,Reflection,ReAct,ReAct2,ToT2,pending,,
134,Baseline,Reflection2,ToT,ReAct2,Reflection,ReAct,Baseline2,ToT2,pending,,
135,Baseline,Reflection2,ToT,ToT2,Reflection,ReAct,Baseline2,ReAct2,pending,,
136,Baseline,Reflection2,Baseline2,Reflection,ReAct,ToT,ReAct2,ToT2,pending,,
137,Baseline,Reflection2,Baseline2,ReAct,Reflection,ToT,ReAct2,ToT2,pending,,
138,Baseline,Reflection2,Baseline2,ToT,Reflection,ReAct,ReAct2,ToT2,pending,,
139,Baseline,Reflection2,Baseline2,ReAct2,Reflection,ReAct,ToT,ToT2,pending,,
140,Baseline,Reflection2,Baseline2,ToT2,Reflection,ReAct,ToT,ReAct2,pending,,
141,Baseline,Reflection2,ReAct2,Reflection,ReAct,ToT,Baseline2,ToT2,pending,,
142,Baseline,Reflection2,ReAct2,ReAct,Reflection,ToT,Baseline2,ToT2,pending,,
143,Baseline,Reflection2,ReAct2,ToT,Reflection,ReAct,Baseline2,ToT2,pending,,
144,Baseline,Reflection2,ReAct2,Baseline2,Reflection,ReAct,ToT,ToT2,pending,,
145,Baseline,Reflection2,ReAct2,ToT2,Reflection,ReAct,ToT,Baseline2,pending,,
146,Baseline,Reflection2,ToT2,Reflection,ReAct,ToT,Baseline2,ReAct2,pending,,
147,Baseline,Reflection2,ToT2,ReAct,Reflection,ToT,Baseline2,ReAct2,pending,,
148,Baseline,Reflection2,ToT2,ToT,Reflection,ReAct,Baseline2,ReAct2,pending,,
149,Baseline,Reflection2,ToT2,Baseline2,Reflection,ReAct,ToT,ReAct2,pending,,
150,Baseline,Reflection2,ToT2,ReAct2,Reflection,ReAct,ToT,Baseline2,pending,,
151,Baseline,ReAct2,Reflection,ReAct,ToT,Baseline2,Reflection2,ToT2,pending,,
152,Baseline,ReAct2,Reflection,ToT,ReAct,Baseline2,Reflection2,ToT2,pending,,
153,Baseline,ReAct2,Reflection,Baseline2,ReAct,ToT,Reflection2,ToT2,pending,,
154,Baseline,ReAct2,Reflection,Reflection2,ReAct,ToT,Baseline2,ToT2,pending,,
155,Baseline,ReAct2,Reflection,ToT2,ReAct,ToT,Baseline2,Reflection2,pending,,
156,Baseline,ReAct2,ReAct,Reflection,ToT,Baseline2,Reflection2,ToT2,pending,,
157,Baseline,ReAct2,ReAct,ToT,Reflection,Baseline2,Reflection2,ToT2,pending,,
158,Baseline,ReAct2,ReAct,Baseline2,Reflection,ToT,Reflection2,ToT2,pending,,
159,Baseline,ReAct2,ReAct,Reflection2,Reflection,ToT,Baseline2,ToT2,pending,,
160,Baseline,ReAct2,ReAct,ToT2,Reflection,ToT,Baseline2,Reflection2,pending,,
161,Baseline,ReAct2,ToT,Reflection,ReAct,Baseline2,Reflection2,ToT2,pending,,
162,Baseline,ReAct2,ToT,ReAct,Reflection,Baseline2,Reflection2,ToT2,pending,,
163,Baseline,ReAct2,ToT,Baseline2,Reflection,ReAct,Reflection2,ToT2,pending,,
164,Baseline,ReAct2,ToT,Reflection2,Reflection,ReAct,Baseline2,ToT2,pending,,
165,Baseline,ReAct2,ToT,ToT2,Reflection,ReAct,Baseline2,Reflection2,pending,,
166,Baseline,ReAct2,Baseline2,Reflection,ReAct,ToT,Reflection2,ToT2,pending,,
167,Baseline,ReAct2,Baseline2,ReAct,Reflection,ToT,Reflection2,ToT2,pending,,
168,Baseline,ReAct2,Baseline2,ToT,Reflection,ReAct,Reflection2,ToT2,pending,,
169,Baseline,ReAct2,Baseline2,Reflection2,Reflection,ReAct,ToT,ToT2,pending,,
170,Baseline,ReAct2,Baseline2,ToT2,Reflection,ReAct,ToT,Reflection2,pending,,
171,Baseline,ReAct2,Reflection2,Reflection,ReAct,ToT,Baseline2,ToT2,pending,,
172,Baseline,ReAct2,Reflection2,ReAct,Reflection,ToT,Baseline2,ToT2,pending,,
173,Baseline,ReAct2,Reflection2,ToT,Reflection,ReAct,Baseline2,ToT2,pending,,
174,Baseline,ReAct2,Reflection2,Baseline2,Reflection,ReAct,ToT,ToT2,pending,,
175,Baseline,ReAct2,Reflection2,ToT2,Reflection,ReAct,ToT,Baseline2,pending,,
176,Baseline,ReAct2,ToT2,Reflection,ReAct,ToT,Baseline2,Reflection2,pending,,
177,Baseline,ReAct2,ToT2,ReAct,Reflection,ToT,Baseline2,Reflection2,pending,,
178,Baseline,ReAct2,ToT2,ToT,Reflection,ReAct,Baseline2,Reflection2,pending,,
179,Baseline,ReAct2,ToT2,Baseline2,Reflection,ReAct,ToT,Reflection2,pending,,
180,Baseline,ReAct2,ToT2,Reflection2,Reflection,ReAct,ToT,Baseline2,pending,,
181,Baseline,ToT2,Reflection,ReAct,ToT,Baseline2,Reflection2,ReAct2,pending,,
182,Baseline,ToT2,Reflection,ToT,ReAct,Baseline2,Reflection2,ReAct2,pending,,
183,Baseline,ToT2,Reflection,Baseline2,ReAct,ToT,Reflection2,ReAct2,pending,,
184,Baseline,ToT2,Reflection,Reflection2,ReAct,ToT,Baseline2,ReAct2,pending,,
185,Baseline,ToT2,Reflection,ReAct2,ReAct,ToT,Baseline2,Reflection2,pending,,
186,Baseline,ToT2,ReAct,Reflection,ToT,Baseline2,Reflection2,ReAct2,pending,,
187,Baseline,ToT2,ReAct,ToT,Reflection,Baseline2,Reflection2,ReAct2,pending,,
188,Baseline,ToT2,ReAct,Baseline2,Reflection,ToT,Reflection2,ReAct2,pending,,
189,Baseline,ToT2,ReAct,Reflection2,Reflection,ToT,Baseline2,ReAct2,pending,,
190,Baseline,ToT2,ReAct,ReAct2,Reflection,ToT,Baseline2,Reflection2,pending,,
191,Baseline,ToT2,ToT,Reflection,ReAct,Baseline2,Reflection2,ReAct2,pending,,
192,Baseline,ToT2,ToT,ReAct,Reflection,Baseline2,Reflection2,ReAct2,pending,,
193,Baseline,ToT2,ToT,Baseline2,Reflection,ReAct,Reflection2,ReAct2,pending,,
194,Baseline,ToT2,ToT,Reflection2,Reflection,ReAct,Baseline2,ReAct2,pending,,
195,Baseline,ToT2,ToT,ReAct2,Reflection,ReAct,Baseline2,Reflection2,pending,,
196,Baseline,ToT2,Baseline2,Reflection,ReAct,ToT,Reflection2,ReAct2,pending,,
197,Baseline,ToT2,Baseline2,ReAct,Reflection,ToT,Reflection2,ReAct2,pending,,
198,Baseline,ToT2,Baseline2,ToT,Reflection,ReAct,Reflection2,ReAct2,pending,,
199,Baseline,ToT2,Baseline2,Reflection2,Reflection,ReAct,ToT,ReAct2,pending,,
200,Baseline,ToT2,Baseline2,ReAct2,Reflection,ReAct,ToT,Reflection2,pending,,
201,Baseline,ToT2,Reflection2,Reflection,ReAct,ToT,Baseline2,ReAct2,pending,,
202,Baseline,ToT2,Reflection2,ReAct,Reflection,ToT,Baseline2,ReAct2,pending,,
203,Baseline,ToT2,Reflection2,ToT,Reflection,ReAct,Baseline2,ReAct2,pending,,
204,Baseline,ToT2,Reflection2,Baseline2,Reflection,ReAct,ToT,ReAct2,pending,,
205,Baseline,ToT2,Reflection2,ReAct2,Reflection,ReAct,ToT,Baseline2,pending,,
206,Baseline,ToT2,ReAct2,Reflection,ReAct,ToT,Baseline2,Reflection2,pending,,
207,Baseline,ToT2,ReAct2,ReAct,Reflection,ToT,Baseline2,Reflection2,pending,,
208,Baseline,ToT2,ReAct2,ToT,Reflection,ReAct,Baseline2,Reflection2,pending,,
209,Baseline,ToT2,ReAct2,Baseline2,Reflection,ReAct,ToT,Reflection2,pending,,
210,Baseline,ToT2,ReAct2,Reflection2,Reflection,ReAct,ToT,Baseline2,pending,,
211,Reflection,ReAct,Baseline,ToT,Baseline2,Reflection2,ReAct2,ToT2,pending,,
212,Reflection,ReAct,Baseline,Baseline2,ToT,Reflection2,ReAct2,ToT2,pending,,
213,Reflection,ReAct,Baseline,Reflection2,ToT,Baseline2,ReAct2,ToT2,pending,,
214,Reflection,ReAct,Baseline,ReAct2,ToT,Baseline2,Reflection2,ToT2,pending,,
215,Reflection,ReAct,Baseline,ToT2,ToT,Baseline2,Reflection2,ReAct2,pending,,
216,Reflection,ReAct,ToT,Baseline,Baseline2,Reflection2,ReAct2,ToT2,pending,,
217,Reflection,ReAct,ToT,Baseline2,Baseline,Reflection2,ReAct2,ToT2,pending,,
218,Reflection,ReAct,ToT,Reflection2,Baseline,Baseline2,ReAct2,ToT2,pending,,
219,Reflection,ReAct,ToT,ReAct2,Baseline,Baseline2,Reflection2,ToT2,pending,,
220,Reflection,ReAct,ToT,ToT2,Baseline,Baseline2,Reflection2,ReAct2,pending,,
221,Reflection,ReAct,Baseline2,Baseline,ToT,Reflection2,ReAct2,ToT2,pending,,
222,Reflection,ReAct,Baseline2,ToT,Baseline,Reflection2,ReAct2,ToT2,pending,,
223,Reflection,ReAct,Baseline2,Reflection2,Baseline,ToT,ReAct2,ToT2,pending,,
224,Reflection,ReAct,Baseline2,ReAct2,Baseline,ToT,Reflection2,ToT2,pending,,
225,Reflection,ReAct,Baseline2,ToT2,Baseline,ToT,Reflection2,ReAct2,pending,,
226,Reflection,ReAct,Reflection2,Baseline,ToT,Baseline2,ReAct2,ToT2,pending,,
227,Reflection,ReAct,Reflection2,ToT,Baseline,Baseline2,ReAct2,ToT2,pending,,
228,Reflection,ReAct,Reflection2,Baseline2,Baseline,ToT,ReAct2,ToT2,pending,,
229,Reflection,ReAct,Reflection2,ReAct2,Baseline,ToT,Baseline2,ToT2,pending,,
230,Reflection,ReAct,Reflection2,ToT2,Baseline,ToT,Baseline2,ReAct2,pending,,
231,Reflection,ReAct,ReAct2,Baseline,ToT,Baseline2,Reflection2,ToT2,pending,,
232,Reflection,ReAct,ReAct2,ToT,Baseline,Baseline2,Reflection2,ToT2,pending,,
233,Reflection,ReAct,ReAct2,Baseline2,Baseline,ToT,Reflection2,ToT2,pending,,
234,Reflection,ReAct,ReAct2,Reflection2,Baseline,ToT,Baseline2,ToT2,pending,,
235,Reflection,ReAct,ReAct2,ToT2,Baseline,ToT,Baseline2,Reflection2,pending,,
236,Reflection,ReAct,ToT2,Baseline,ToT,Baseline2,Reflection2,ReAct2,pending,,
237,Reflection,ReAct,ToT2,ToT,Baseline,Baseline2,Reflection2,ReAct2,pending,,
238,Reflection,ReAct,ToT2,Baseline2,Baseline,ToT,Reflection2,ReAct2,pending,,
239,Reflection,ReAct,ToT2,Reflection2,Baseline,ToT,Baseline2,ReAct2,pending,,
240,Reflection,ReAct,ToT2,ReAct2,Baseline,ToT,Baseline2,Reflection2,pending,,
241,Reflection,ToT,Baseline,ReAct,Baseline2,Reflection2,ReAct2,ToT2,pending,,
242,Reflection,ToT,Baseline,Baseline2,ReAct,Reflection2,ReAct2,ToT2,pending,,
243,Reflection,ToT,Baseline,Reflection2,ReAct,Baseline2,ReAct2,ToT2,pending,,
244,Reflection,ToT,Baseline,ReAct2,ReAct,Baseline2,Reflection2,ToT2,pending,,
245,Reflection,ToT,Baseline,ToT2,ReAct,Baseline2,Reflection2,ReAct2,pending,,
246,Reflection,ToT,ReAct,Baseline,Baseline2,Reflection2,ReAct2,ToT2,pending,,
247,Reflection,ToT,ReAct,Baseline2,Baseline,Reflection2,ReAct2,ToT2,pending,,
248,Reflection,ToT,ReAct,Reflection2,Baseline,Baseline2,ReAct2,ToT2,pending,,
249,Reflection,ToT,ReAct,ReAct2,Baseline,Baseline2,Reflection2,ToT2,pending,,
250,Reflection,ToT,ReAct,ToT2,Baseline,Baseline2,Reflection2,ReAct2,pending,,
251,Reflection,ToT,Baseline2,Baseline,ReAct,Reflection2,ReAct2,ToT2,pending,,
252,Reflection,ToT,Baseline2,ReAct,Baseline,Reflection2,ReAct2,ToT2,pending,,
253,Reflection,ToT,Baseline2,Reflection2,Baseline,ReAct,ReAct2,ToT2,pending,,
254,Reflection,ToT,Baseline2,ReAct2,Baseline,ReAct,Reflection2,ToT2,pending,,
255,Reflection,ToT,Baseline2,ToT2,Baseline,ReAct,Reflection2,ReAct2,pending,,
256,Reflection,ToT,Reflection2,Baseline,ReAct,Baseline2,ReAct2,ToT2,pending,,
257,Reflection,ToT,Reflection2,ReAct,Baseline,Baseline2,ReAct2,ToT2,pending,,
258,Reflection,ToT,Reflection2,Baseline2,Baseline,ReAct,ReAct2,ToT2,pending,,
259,Reflection,ToT,Reflection2,ReAct2,Baseline,ReAct,Baseline2,ToT2,pending,,
260,Reflection,ToT,Reflection2,ToT2,Baseline,ReAct,Baseline2,ReAct2,pending,,
261,Reflection,ToT,ReAct2,Baseline,ReAct,Baseline2,Reflection2,ToT2,pending,,
262,Reflection,ToT,ReAct2,ReAct,Baseline,Baseline2,Reflection2,ToT2,pending,,
263,Reflection,ToT,ReAct2,Baseline2,Baseline,ReAct,Reflection2,ToT2,pending,,
264,Reflection,ToT,ReAct2,Reflection2,Baseline,ReAct,Baseline2,ToT2,pending,,
265,Reflection,ToT,ReAct2,ToT2,Baseline,ReAct,Baseline2,Reflection2,pending,,
266,Reflection,ToT,ToT2,Baseline,ReAct,Baseline2,Reflection2,ReAct2,pending,,
267,Reflection,ToT,ToT2,ReAct,Baseline,Baseline2,Reflection2,ReAct2,pending,,
268,Reflection,ToT,ToT2,Baseline2,Baseline,ReAct,Reflection2,ReAct2,pending,,
269,Reflection,ToT,ToT2,Reflection2,Baseline,ReAct,Baseline2,ReAct2,pending,,
270,Reflection,ToT,ToT2,ReAct2,Baseline,ReAct,Baseline2,Reflection2,pending,,
271,Reflection,Baseline2,Baseline,ReAct,ToT,Reflection2,ReAct2,ToT2,pending,,
272,Reflection,Baseline2,Baseline,ToT,ReAct,Reflection2,ReAct2,ToT2,pending,,
273,Reflection,Baseline2,Baseline,Reflection2,ReAct,ToT,ReAct2,ToT2,pending,,
274,Reflection,Baseline2,Baseline,ReAct2,ReAct,ToT,Reflection2,ToT2,pending,,
275,Reflection,Baseline2,Baseline,ToT2,ReAct,ToT,Reflection2,ReAct2,pending,,
276,Reflection,Baseline2,ReAct,Baseline,ToT,Reflection2,ReAct2,ToT2,pending,,
277,Reflection,Baseline2,ReAct,ToT,Baseline,Reflection2,ReAct2,ToT2,pending,,
278,Reflection,Baseline2,ReAct,Reflection2,Baseline,ToT,ReAct2,ToT2,pending,,
279,Reflection,Baseline2,ReAct,ReAct2,Baseline,ToT,Reflection2,ToT2,pending,,
280,Reflection,Baseline2,ReAct,ToT2,Baseline,ToT,Reflection2,ReAct2,pending,,
281,Reflection,Baseline2,ToT,Baseline,ReAct,Reflection2,ReAct2,ToT2,pending,,
282,Reflection,Baseline2,ToT,ReAct,Baseline,Reflection2,ReAct2,ToT2,pending,,
283,Reflection,Baseline2,ToT,Reflection2,Baseline,ReAct,ReAct2,ToT2,pending,,
284,Reflection,Baseline2,ToT,ReAct2,Baseline,ReAct,Reflection2,ToT2,pending,,
285,Reflection,Baseline2,ToT,ToT2,Baseline,ReAct,Reflection2,ReAct2,pending,,
286,Reflection,Baseline2,Reflection2,Baseline,ReAct,ToT,ReAct2,ToT2,pending,,
287,Reflection,Baseline2,Reflection2,ReAct,Baseline,ToT,ReAct2,ToT2,pending,,
288,Reflection,Baseline2,Reflection2,ToT,Baseline,ReAct,ReAct2,ToT2,pending,,
289,Reflection,Baseline2,Reflection2,ReAct2,Baseline,ReAct,ToT,ToT2,pending,,
290,Reflection,Baseline2,Reflection2,ToT2,Baseline,ReAct,ToT,ReAct2,pending,,
291,Reflection,Baseline2,ReAct2,Baseline,ReAct,ToT,Reflection2,ToT2,pending,,
292,Reflection,Baseline2,ReAct2,ReAct,Baseline,ToT,Reflection2,ToT2,pending,,
293,Reflection,Baseline2,ReAct2,ToT,Baseline,ReAct,Reflection2,ToT2,pending,,
294,Reflection,Baseline2,ReAct2,Reflection2,Baseline,ReAct,ToT,ToT2,pending,,
295,Reflection,Baseline2,ReAct2,ToT2,Baseline,ReAct,ToT,Reflection2,pending,,
296,Reflection,Baseline2,ToT2,Baseline,ReAct,ToT,Reflection2,ReAct2,pending,,
297,Reflection,Baseline2,ToT2,ReAct,Baseline,ToT,Reflection2,ReAct2,pending,,
298,Reflection,Baseline2,ToT2,ToT,Baseline,ReAct,Reflection2,ReAct2,pending,,
299,Reflection,Baseline2,ToT2,Reflection2,Baseline,ReAct,ToT,ReAct2,pending,,
300,Reflection,Baseline2,ToT2,ReAct2,Baseline,ReAct,ToT,Reflection2,pending,,
301,Reflection,Reflection2,Baseline,ReAct,ToT,Baseline2,ReAct2,ToT2,pending,,
302,Reflection,Reflection2,Baseline,ToT,ReAct,Baseline2,ReAct2,ToT2,pending,,
303,Reflection,Reflection2,Baseline,Baseline2,ReAct,ToT,ReAct2,ToT2,pending,,
304,Reflection,Reflection2,Baseline,ReAct2,ReAct,ToT,Baseline2,ToT2,pending,,
305,Reflection,Reflection2,Baseline,ToT2,ReAct,ToT,Baseline2,ReAct2,pending,,
306,Reflection,Reflection2,ReAct,Baseline,ToT,Baseline2,ReAct2,ToT2,pending,,
307,Reflection,Reflection2,ReAct,ToT,Baseline,Baseline2,ReAct2,ToT2,pending,,
308,Reflection,Reflection2,ReAct,Baseline2,Baseline,ToT,ReAct2,ToT2,pending,,
309,Reflection,Reflection2,ReAct,ReAct2,Baseline,ToT,Baseline2,ToT2,pending,,
310,Reflection,Reflection2,ReAct,ToT2,Baseline,ToT,Baseline2,ReAct2,pending,,
311,Reflection,Reflection2,ToT,Baseline,ReAct,Baseline2,ReAct2,ToT2,pending,,
312,Reflection,Reflection2,ToT,ReAct,Baseline,Baseline2,ReAct2,ToT2,pending,,
313,Reflection,Reflection2,ToT,Baseline2,Baseline,ReAct,ReAct2,ToT2,pending,,
314,Reflection,Reflection2,ToT,ReAct2,Baseline,ReAct,Baseline2,ToT2,pending,,
315,Reflection,Reflection2,ToT,ToT2,Baseline,ReAct,Baseline2,ReAct2,pending,,
316,Reflection,Reflection2,Baseline2,Baseline,ReAct,ToT,ReAct2,ToT2,pending,,
317,Reflection,Reflection2,Baseline2,ReAct,Baseline,ToT,ReAct2,ToT2,pending,,
318,Reflection,Reflection2,Baseline2,ToT,Baseline,ReAct,ReAct2,ToT2,pending,,
319,Reflection,Reflection2,Baseline2,ReAct2,Baseline,ReAct,ToT,ToT2,pending,,
320,Reflection,Reflection2,Baseline2,ToT2,Baseline,ReAct,ToT,ReAct2,pending,,
321,Reflection,Reflection2,ReAct2,Baseline,ReAct,ToT,Baseline2,ToT2,pending,,
322,Reflection,Reflection2,ReAct2,ReAct,Baseline,ToT,Baseline2,ToT2,pending,,
323,Reflection,Reflection2,ReAct2,ToT,Baseline,ReAct,Baseline2,ToT2,pending,,
324,Reflection,Reflection2,ReAct2,Baseline2,Baseline,ReAct,ToT,ToT2,pending,,
325,Reflection,Reflection2,ReAct2,ToT2,Baseline,ReAct,ToT,Baseline2,pending,,
326,Reflection,Reflection2,ToT2,Baseline,ReAct,ToT,Baseline2,ReAct2,pending,,
327,Reflection,Reflection2,ToT2,ReAct,Baseline,ToT,Baseline2,ReAct2,pending,,
328,Reflection,Reflection2,ToT2,ToT,Baseline,ReAct,Baseline2,ReAct2,pending,,
329,Reflection,Reflection2,ToT2,Baseline2,Baseline,ReAct,ToT,ReAct2,pending,,
330,Reflection,Reflection2,ToT2,ReAct2,Baseline,ReAct,ToT,Baseline2,pending,,
331,Reflection,ReAct2,Baseline,ReAct,ToT,Baseline2,Reflection2,ToT2,pending,,
332,Reflection,ReAct2,Baseline,ToT,ReAct,Baseline2,Reflection2,ToT2,pending,,
333,Reflection,ReAct2,Baseline,Baseline2,ReAct,ToT,Reflection2,ToT2,pending,,
334,Reflection,ReAct2,Baseline,Reflection2,ReAct,ToT,Baseline2,ToT2,pending,,
335,Reflection,ReAct2,Baseline,ToT2,ReAct,ToT,Baseline2,Reflection2,pending,,
336,Reflection,ReAct2,ReAct,Baseline,ToT,Baseline2,Reflection2,ToT2,pending,,
337,Reflection,ReAct2,ReAct,ToT,Baseline,Baseline2,Reflection2,ToT2,pending,,
338,Reflection,ReAct2,ReAct,Baseline2,Baseline,ToT,Reflection2,ToT2,pending,,
339,Reflection,ReAct2,ReAct,Reflection2,Baseline,ToT,Baseline2,ToT2,pending,,
340,Reflection,ReAct2,ReAct,ToT2,Baseline,ToT,Baseline2,Reflection2,pending,,
341,Reflection,ReAct2,ToT,Baseline,ReAct,Baseline2,Reflection2,ToT2,pending,,
342,Reflection,ReAct2,ToT,ReAct,Baseline,Baseline2,Reflection2,ToT2,pending,,
343,Reflection,ReAct2,ToT,Baseline2,Baseline,ReAct,Reflection2,ToT2,pending,,
344,Reflection,ReAct2,ToT,Reflection2,Baseline,ReAct,Baseline2,ToT2,pending,,
345,Reflection,ReAct2,ToT,ToT2,Baseline,ReAct,Baseline2,Reflection2,pending,,
346,Reflection,ReAct2,Baseline2,Baseline,ReAct,ToT,Reflection2,ToT2,pending,,
347,Reflection,ReAct2,Baseline2,ReAct,Baseline,ToT,Reflection2,ToT2,pending,,
348,Reflection,ReAct2,Baseline2,ToT,Baseline,ReAct,Reflection2,ToT2,pending,,
349,Reflection,ReAct2,Baseline2,Reflection2,Baseline,ReAct,ToT,ToT2,pending,,
350,Reflection,ReAct2,Baseline2,ToT2,Baseline,ReAct,ToT,Reflection2,pending,,
351,Reflection,ReAct2,Reflection2,Baseline,ReAct,ToT,Baseline2,ToT2,pending,,
352,Reflection,ReAct2,Reflection2,ReAct,Baseline,ToT,Baseline2,ToT2,pending,,
353,Reflection,ReAct2,Reflection2,ToT,Baseline,ReAct,Baseline2,ToT2,pending,,
354,Reflection,ReAct2,Reflection2,Baseline2,Baseline,ReAct,ToT,ToT2,pending,,
355,Reflection,ReAct2,Reflection2,ToT2,Baseline,ReAct,ToT,Baseline2,pending,,
356,Reflection,ReAct2,ToT2,Baseline,ReAct,ToT,Baseline2,Reflection2,pending,,
357,Reflection,ReAct2,ToT2,ReAct,Baseline,ToT,Baseline2,Reflection2,pending,,
358,Reflection,ReAct2,ToT2,ToT,Baseline,ReAct,Baseline2,Reflection2,pending,,
359,Reflection,ReAct2,ToT2,Baseline2,Baseline,ReAct,ToT,Reflection2,pending,,
360,Reflection,ReAct2,ToT2,Reflection2,Baseline,ReAct,ToT,Baseline2,pending,,
361,Reflection,ToT2,Baseline,ReAct,ToT,Baseline2,Reflection2,ReAct2,pending,,
362,Reflection,ToT2,Baseline,ToT,ReAct,Baseline2,Reflection2,ReAct2,pending,,
363,Reflection,ToT2,Baseline,Baseline2,ReAct,ToT,Reflection2,ReAct2,pending,,
364,Reflection,ToT2,Baseline,Reflection2,ReAct,ToT,Baseline2,ReAct2,pending,,
365,Reflection,ToT2,Baseline,ReAct2,ReAct,ToT,Baseline2,Reflection2,pending,,
366,Reflection,ToT2,ReAct,Baseline,ToT,Baseline2,Reflection2,ReAct2,pending,,
367,Reflection,ToT2,ReAct,ToT,Baseline,Baseline2,Reflection2,ReAct2,pending,,
368,Reflection,ToT2,ReAct,Baseline2,Baseline,ToT,Reflection2,ReAct2,pending,,
369,Reflection,ToT2,ReAct,Reflection2,Baseline,ToT,Baseline2,ReAct2,pending,,
370,Reflection,ToT2,ReAct,ReAct2,Baseline,ToT,Baseline2,Reflection2,pending,,
371,Reflection,ToT2,ToT,Baseline,ReAct,Baseline2,Reflection2,ReAct2,pending,,
372,Reflection,ToT2,ToT,ReAct,Baseline,Baseline2,Reflection2,ReAct2,pending,,
373,Reflection,ToT2,ToT,Baseline2,Baseline,ReAct,Reflection2,ReAct2,pending,,
374,Reflection,ToT2,ToT,Reflection2,Baseline,ReAct,Baseline2,ReAct2,pending,,
375,Reflection,ToT2,ToT,ReAct2,Baseline,ReAct,Baseline2,Reflection2,pending,,
376,Reflection,ToT2,Baseline2,Baseline,ReAct,ToT,Reflection2,ReAct2,pending,,
377,Reflection,ToT2,Baseline2,ReAct,Baseline,ToT,Reflection2,ReAct2,pending,,
378,Reflection,ToT2,Baseline2,ToT,Baseline,ReAct,Reflection2,ReAct2,pending,,
379,Reflection,ToT2,Baseline2,Reflection2,Baseline,ReAct,ToT,ReAct2,pending,,
380,Reflection,ToT2,Baseline2,ReAct2,Baseline,ReAct,ToT,Reflection2,pending,,
381,Reflection,ToT2,Reflection2,Baseline,ReAct,ToT,Baseline2,ReAct2,pending,,
382,Reflection,ToT2,Reflection2,ReAct,Baseline,ToT,Baseline2,ReAct2,pending,,
383,Reflection,ToT2,Reflection2,ToT,Baseline,ReAct,Baseline2,ReAct2,pending,,
384,Reflection,ToT2,Reflection2,Baseline2,Baseline,ReAct,ToT,ReAct2,pending,,
385,Reflection,ToT2,Reflection2,ReAct2,Baseline,ReAct,ToT,Baseline2,pending,,
386,Reflection,ToT2,ReAct2,Baseline,ReAct,ToT,Baseline2,Reflection2,pending,,
387,Reflection,ToT2,ReAct2,ReAct,Baseline,ToT,Baseline2,Reflection2,pending,,
388,Reflection,ToT2,ReAct2,ToT,Baseline,ReAct,Baseline2,Reflection2,pending,,
389,Reflection,ToT2,ReAct2,Baseline2,Baseline,ReAct,ToT,Reflection2,pending,,
390,Reflection,ToT2,ReAct2,Reflection2,Baseline,ReAct,ToT,Baseline2,pending,,
391,ReAct,ToT,Baseline,Reflection,Baseline2,Reflection2,ReAct2,ToT2,pending,,
392,ReAct,ToT,Baseline,Baseline2,Reflection,Reflection2,ReAct2,ToT2,pending,,
393,ReAct,ToT,Baseline,Reflection2,Reflection,Baseline2,ReAct2,ToT2,pending,,
394,ReAct,ToT,Baseline,ReAct2,Reflection,Baseline2,Reflection2,ToT2,pending,,
395,ReAct,ToT,Baseline,ToT2,Reflection,Baseline2,Reflection2,ReAct2,pending,,
396,ReAct,ToT,Reflection,Baseline,Baseline2,Reflection2,ReAct2,ToT2,pending,,
397,ReAct,ToT,Reflection,Baseline2,Baseline,Reflection2,ReAct2,ToT2,pending,,
398,ReAct,ToT,Reflection,Reflection2,Baseline,Baseline2,ReAct2,ToT2,pending,,
399,ReAct,ToT,Reflection,ReAct2,Baseline,Baseline2,Reflection2,ToT2,pending,,
400,ReAct,ToT,Reflection,ToT2,Baseline,Baseline2,Reflection2,ReAct2,pending,,
401,ReAct,ToT,Baseline2,Baseline,Reflection,Reflection2,ReAct2,ToT2,pending,,
402,ReAct,ToT,Baseline2,Reflection,Baseline,Reflection2,ReAct2,ToT2,pending,,
403,ReAct,ToT,Baseline2,Reflection2,Baseline,Reflection,ReAct2,ToT2,pending,,
404,ReAct,ToT,Baseline2,ReAct2,Baseline,Reflection,Reflection2,ToT2,pending,,
405,ReAct,ToT,Baseline2,ToT2,Baseline,Reflection,Reflection2,ReAct2,pending,,
406,ReAct,ToT,Reflection2,Baseline,Reflection,Baseline2,ReAct2,ToT2,pending,,
407,ReAct,ToT,Reflection2,Reflection,Baseline,Baseline2,ReAct2,ToT2,pending,,
408,ReAct,ToT,Reflection2,Baseline2,Baseline,Reflection,ReAct2,ToT2,pending,,
409,ReAct,ToT,Reflection2,ReAct2,Baseline,Reflection,Baseline2,ToT2,pending,,
410,ReAct,ToT,Reflection2,ToT2,Baseline,Reflection,Baseline2,ReAct2,pending,,
411,ReAct,ToT,ReAct2,Baseline,Reflection,Baseline2,Reflection2,ToT2,pending,,
412,ReAct,ToT,ReAct2,Reflection,Baseline,Baseline2,Reflection2,ToT2,pending,,
413,ReAct,ToT,ReAct2,Baseline2,Baseline,Reflection,Reflection2,ToT2,pending,,
414,ReAct,ToT,ReAct2,Reflection2,Baseline,Reflection,Baseline2,ToT2,pending,,
415,ReAct,ToT,ReAct2,ToT2,Baseline,Reflection,Baseline2,Reflection2,pending,,
416,ReAct,ToT,ToT2,Baseline,Reflection,Baseline2,Reflection2,ReAct2,pending,,
417,ReAct,ToT,ToT2,Reflection,Baseline,Baseline2,Reflection2,ReAct2,pending,,
418,ReAct,ToT,ToT2,Baseline2,Baseline,Reflection,Reflection2,ReAct2,pending,,
419,ReAct,ToT,ToT2,Reflection2,Baseline,Reflection,Baseline2,ReAct2,pending,,
420,ReAct,ToT,ToT2,ReAct2,Baseline,Reflection,Baseline2,Reflection2,pending,,
421,ReAct,Baseline2,Baseline,Reflection,ToT,Reflection2,ReAct2,ToT2,pending,,
422,ReAct,Baseline2,Baseline,ToT,Reflection,Reflection2,ReAct2,ToT2,pending,,
423,ReAct,Baseline2,Baseline,Reflection2,Reflection,ToT,ReAct2,ToT2,pending,,
424,ReAct,Baseline2,Baseline,ReAct2,Reflection,ToT,Reflection2,ToT2,pending,,
425,ReAct,Baseline2,Baseline,ToT2,Reflection,ToT,Reflection2,ReAct2,pending,,
426,ReAct,Baseline2,Reflection,Baseline,ToT,Reflection2,ReAct2,ToT2,pending,,
427,ReAct,Baseline2,Reflection,ToT,Baseline,Reflection2,ReAct2,ToT2,pending,,
428,ReAct,Baseline2,Reflection,Reflection2,Baseline,ToT,ReAct2,ToT2,pending,,
429,ReAct,Baseline2,Reflection,ReAct2,Baseline,ToT,Reflection2,ToT2,pending,,
430,ReAct,Baseline2,Reflection,ToT2,Baseline,ToT,Reflection2,ReAct2,pending,,
431,ReAct,Baseline2,ToT,Baseline,Reflection,Reflection2,ReAct2,ToT2,pending,,
432,ReAct,Baseline2,ToT,Reflection,Baseline,Reflection2,ReAct2,ToT2,pending,,
433,ReAct,Baseline2,ToT,Reflection2,Baseline,Reflection,ReAct2,ToT2,pending,,
434,ReAct,Baseline2,ToT,ReAct2,Baseline,Reflection,Reflection2,ToT2,pending,,
435,ReAct,Baseline2,ToT,ToT2,Baseline,Reflection,Reflection2,ReAct2,pending,,
436,ReAct,Baseline2,Reflection2,Baseline,Reflection,ToT,ReAct2,ToT2,pending,,
437,ReAct,Baseline2,Reflection2,Reflection,Baseline,ToT,ReAct2,ToT2,pending,,
438,ReAct,Baseline2,Reflection2,ToT,Baseline,Reflection,ReAct2,ToT2,pending,,
439,ReAct,Baseline2,Reflection2,ReAct2,Baseline,Reflection,ToT,ToT2,pending,,
440,ReAct,Baseline2,Reflection2,ToT2,Baseline,Reflection,ToT,ReAct2,pending,,
441,ReAct,Baseline2,ReAct2,Baseline,Reflection,ToT,Reflection2,ToT2,pending,,
442,ReAct,Baseline2,ReAct2,Reflection,Baseline,ToT,Reflection2,ToT2,pending,,
443,ReAct,Baseline2,ReAct2,ToT,Baseline,Reflection,Reflection2,ToT2,pending,,
444,ReAct,Baseline2,ReAct2,Reflection2,Baseline,Reflection,ToT,ToT2,pending,,
445,ReAct,Baseline2,ReAct2,ToT2,Baseline,Reflection,ToT,Reflection2,pending,,
446,ReAct,Baseline2,ToT2,Baseline,Reflection,ToT,Reflection2,ReAct2,pending,,
447,ReAct,Baseline2,ToT2,Reflection,Baseline,ToT,Reflection2,ReAct2,pending,,
448,ReAct,Baseline2,ToT2,ToT,Baseline,Reflection,Reflection2,ReAct2,pending,,
449,ReAct,Baseline2,ToT2,Reflection2,Baseline,Reflection,ToT,ReAct2,pending,,
450,ReAct,Baseline2,ToT2,ReAct2,Baseline,Reflection,ToT,Reflection2,pending,,
451,ReAct,Reflection2,Baseline,Reflection,ToT,Baseline2,ReAct2,ToT2,pending,,
452,ReAct,Reflection2,Baseline,ToT,Reflection,Baseline2,ReAct2,ToT2,pending,,
453,ReAct,Reflection2,Baseline,Baseline2,Reflection,ToT,ReAct2,ToT2,pending,,
454,ReAct,Reflection2,Baseline,ReAct2,Reflection,ToT,Baseline2,ToT2,pending,,
455,ReAct,Reflection2,Baseline,ToT2,Reflection,ToT,Baseline2,ReAct2,pending,,
456,ReAct,Reflection2,Reflection,Baseline,ToT,Baseline2,ReAct2,ToT2,pending,,
457,ReAct,Reflection2,Reflection,ToT,Baseline,Baseline2,ReAct2,ToT2,pending,,
458,ReAct,Reflection2,Reflection,Baseline2,Baseline,ToT,ReAct2,ToT2,pending,,
459,ReAct,Reflection2,Reflection,ReAct2,Baseline,ToT,Baseline2,ToT2,pending,,
460,ReAct,Reflection2,Reflection,ToT2,Baseline,ToT,Baseline2,ReAct2,pending,,
461,ReAct,Reflection2,ToT,Baseline,Reflection,Baseline2,ReAct2,ToT2,pending,,
462,ReAct,Reflection2,ToT,Reflection,Baseline,Baseline2,ReAct2,ToT2,pending,,
463,ReAct,Reflection2,ToT,Baseline2,Baseline,Reflection,ReAct2,ToT2,pending,,
464,ReAct,Reflection2,ToT,ReAct2,Baseline,Reflection,Baseline2,ToT2,pending,,
465,ReAct,Reflection2,ToT,ToT2,Baseline,Reflection,Baseline2,ReAct2,pending,,
466,ReAct,Reflection2,Baseline2,Baseline,Reflection,ToT,ReAct2,ToT2,pending,,
467,ReAct,Reflection2,Baseline2,Reflection,Baseline,ToT,ReAct2,ToT2,pending,,
468,ReAct,Reflection2,Baseline2,ToT,Baseline,Reflection,ReAct2,ToT2,pending,,
469,ReAct,Reflection2,Baseline2,ReAct2,Baseline,Reflection,ToT,ToT2,pending,,
470,ReAct,Reflection2,Baseline2,ToT2,Baseline,Reflection,ToT,ReAct2,pending,,
471,ReAct,Reflection2,ReAct2,Baseline,Reflection,ToT,Baseline2,ToT2,pending,,
472,ReAct,Reflection2,ReAct2,Reflection,Baseline,ToT,Baseline2,ToT2,pending,,
473,ReAct,Reflection2,ReAct2,ToT,Baseline,Reflection,Baseline2,ToT2,pending,,
474,ReAct,Reflection2,ReAct2,Baseline2,Baseline,Reflection,ToT,ToT2,pending,,
475,ReAct,Reflection2,ReAct2,ToT2,Baseline,Reflection,ToT,Baseline2,pending,,
476,ReAct,Reflection2,ToT2,Baseline,Reflection,ToT,Baseline2,ReAct2,pending,,
477,ReAct,Reflection2,ToT2,Reflection,Baseline,ToT,Baseline2,ReAct2,pending,,
478,ReAct,Reflection2,ToT2,ToT,Baseline,Reflection,Baseline2,ReAct2,pending,,
479,ReAct,Reflection2,ToT2,Baseline2,Baseline,Reflection,ToT,ReAct2,pending,,
480,ReAct,Reflection2,ToT2,ReAct2,Baseline,Reflection,ToT,Baseline2,pending,,
481,ReAct,ReAct2,Baseline,Reflection,ToT,Baseline2,Reflection2,ToT2,pending,,
482,ReAct,ReAct2,Baseline,ToT,Reflection,Baseline2,Reflection2,ToT2,pending,,
483,ReAct,ReAct2,Baseline,Baseline2,Reflection,ToT,Reflection2,ToT2,pending,,
484,ReAct,ReAct2,Baseline,Reflection2,Reflection,ToT,Baseline2,ToT2,pending,,
485,ReAct,ReAct2,Baseline,ToT2,Reflection,ToT,Baseline2,Reflection2,pending,,
486,ReAct,ReAct2,Reflection,Baseline,ToT,Baseline2,Reflection2,ToT2,pending,,
487,ReAct,ReAct2,Reflection,ToT,Baseline,Baseline2,Reflection2,ToT2,pending,,
488,ReAct,ReAct2,Reflection,Baseline2,Baseline,ToT,Reflection2,ToT2,pending,,
489,ReAct,ReAct2,Reflection,Reflection2,Baseline,ToT,Baseline2,ToT2,pending,,
490,ReAct,ReAct2,Reflection,ToT2,Baseline,ToT,Baseline2,Reflection2,pending,,
491,ReAct,ReAct2,ToT,Baseline,Reflection,Baseline2,Reflection2,ToT2,pending,,
492,ReAct,ReAct2,ToT,Reflection,Baseline,Baseline2,Reflection2,ToT2,pending,,
493,ReAct,ReAct2,ToT,Baseline2,Baseline,Reflection,Reflection2,ToT2,pending,,
494,ReAct,ReAct2,ToT,Reflection2,Baseline,Reflection,Baseline2,ToT2,pending,,
495,ReAct,ReAct2,ToT,ToT2,Baseline,Reflection,Baseline2,Reflection2,pending,,
496,ReAct,ReAct2,Baseline2,Baseline,Reflection,ToT,Reflection2,ToT2,pending,,
497,ReAct,ReAct2,Baseline2,Reflection,Baseline,ToT,Reflection2,ToT2,pending,,
498,ReAct,ReAct2,Baseline2,ToT,Baseline,Reflection,Reflection2,ToT2,pending,,
499,ReAct,ReAct2,Baseline2,Reflection2,Baseline,Reflection,ToT,ToT2,pending,,
500,ReAct,ReAct2,Baseline2,ToT2,Baseline,Reflection,ToT,Reflection2,pending,,
501,ReAct,ReAct2,Reflection2,Baseline,Reflection,ToT,Baseline2,ToT2,pending,,
502,ReAct,ReAct2,Reflection2,Reflection,Baseline,ToT,Baseline2,ToT2,pending,,
503,ReAct,ReAct2,Reflection2,ToT,Baseline,Reflection,Baseline2,ToT2,pending,,
504,ReAct,ReAct2,Reflection2,Baseline2,Baseline,Reflection,ToT,ToT2,pending,,
505,ReAct,ReAct2,Reflection2,ToT2,Baseline,Reflection,ToT,Baseline2,pending,,
506,ReAct,ReAct2,ToT2,Baseline,Reflection,ToT,Baseline2,Reflection2,pending,,
507,ReAct,ReAct2,ToT2,Reflection,Baseline,ToT,Baseline2,Reflection2,pending,,
508,ReAct,ReAct2,ToT2,ToT,Baseline,Reflection,Baseline2,Reflection2,pending,,
509,ReAct,ReAct2,ToT2,Baseline2,Baseline,Reflection,ToT,Reflection2,pending,,
510,ReAct,ReAct2,ToT2,Reflection2,Baseline,Reflection,ToT,Baseline2,pending,,
511,ReAct,ToT2,Baseline,Reflection,ToT,Baseline2,Reflection2,ReAct2,pending,,
512,ReAct,ToT2,Baseline,ToT,Reflection,Baseline2,Reflection2,ReAct2,pending,,
513,ReAct,ToT2,Baseline,Baseline2,Reflection,ToT,Reflection2,ReAct2,pending,,
514,ReAct,ToT2,Baseline,Reflection2,Reflection,ToT,Baseline2,ReAct2,pending,,
515,ReAct,ToT2,Baseline,ReAct2,Reflection,ToT,Baseline2,Reflection2,pending,,
516,ReAct,ToT2,Reflection,Baseline,ToT,Baseline2,Reflection2,ReAct2,pending,,
517,ReAct,ToT2,Reflection,ToT,Baseline,Baseline2,Reflection2,ReAct2,pending,,
518,ReAct,ToT2,Reflection,Baseline2,Baseline,ToT,Reflection2,ReAct2,pending,,
519,ReAct,ToT2,Reflection,Reflection2,Baseline,ToT,Baseline2,ReAct2,pending,,
520,ReAct,ToT2,Reflection,ReAct2,Baseline,ToT,Baseline2,Reflection2,pending,,
521,ReAct,ToT2,ToT,Baseline,Reflection,Baseline2,Reflection2,ReAct2,pending,,
522,ReAct,ToT2,ToT,Reflection,Baseline,Baseline2,Reflection2,ReAct2,pending,,
523,ReAct,ToT2,ToT,Baseline2,Baseline,Reflection,Reflection2,ReAct2,pending,,
524,ReAct,ToT2,ToT,Reflection2,Baseline,Reflection,Baseline2,ReAct2,pending,,
525,ReAct,ToT2,ToT,ReAct2,Baseline,Reflection,Baseline2,Reflection2,pending,,
526,ReAct,ToT2,Baseline2,Baseline,Reflection,ToT,Reflection2,ReAct2,pending,,
527,ReAct,ToT2,Baseline2,Reflection,Baseline,ToT,Reflection2,ReAct2,pending,,
528,ReAct,ToT2,Baseline2,ToT,Baseline,Reflection,Reflection2,ReAct2,pending,,
529,ReAct,ToT2,Baseline2,Reflection2,Baseline,Reflection,ToT,ReAct2,pending,,
530,ReAct,ToT2,Baseline2,ReAct2,Baseline,Reflection,ToT,Reflection2,pending,,
531,ReAct,ToT2,Reflection2,Baseline,Reflection,ToT,Baseline2,ReAct2,pending,,
532,ReAct,ToT2,Reflection2,Reflection,Baseline,ToT,Baseline2,ReAct2,pending,,
533,ReAct,ToT2,Reflection2,ToT,Baseline,Reflection,Baseline2,ReAct2,pending,,
534,ReAct,ToT2,Reflection2,Baseline2,Baseline,Reflection,ToT,ReAct2,pending,,
535,ReAct,ToT2,Reflection2,ReAct2,Baseline,Reflection,ToT,Baseline2,pending,,
536,ReAct,ToT2,ReAct2,Baseline,Reflection,ToT,Baseline2,Reflection2,pending,,
537,ReAct,ToT2,ReAct2,Reflection,Baseline,ToT,Baseline2,Reflection2,pending,,
538,ReAct,ToT2,ReAct2,ToT,Baseline,Reflection,Baseline2,Reflection2,pending,,
539,ReAct,ToT2,ReAct2,Baseline2,Baseline,Reflection,ToT,Reflection2,pending,,
540,ReAct,ToT2,ReAct2,Reflection2,Baseline,Reflection,ToT,Baseline2,pending,,
541,ToT,Baseline2,Baseline,Reflection,ReAct,Reflection2,ReAct2,ToT2,pending,,
542,ToT,Baseline2,Baseline,ReAct,Reflection,Reflection2,ReAct2,ToT2,pending,,
543,ToT,Baseline2,Baseline,Reflection2,Reflection,ReAct,ReAct2,ToT2,pending,,
544,ToT,Baseline2,Baseline,ReAct2,Reflection,ReAct,Reflection2,ToT2,pending,,
545,ToT,Baseline2,Baseline,ToT2,Reflection,ReAct,Reflection2,ReAct2,pending,,
546,ToT,Baseline2,Reflection,Baseline,ReAct,Reflection2,ReAct2,ToT2,pending,,
547,ToT,Baseline2,Reflection,ReAct,Baseline,Reflection2,ReAct2,ToT2,pending,,
548,ToT,Baseline2,Reflection,Reflection2,Baseline,ReAct,ReAct2,ToT2,pending,,
549,ToT,Baseline2,Reflection,ReAct2,Baseline,ReAct,Reflection2,ToT2,pending,,
550,ToT,Baseline2,Reflection,ToT2,Baseline,ReAct,Reflection2,ReAct2,pending,,
551,ToT,Baseline2,ReAct,Baseline,Reflection,Reflection2,ReAct2,ToT2,pending,,
552,ToT,Baseline2,ReAct,Reflection,Baseline,Reflection2,ReAct2,ToT2,pending,,
553,ToT,Baseline2,ReAct,Reflection2,Baseline,Reflection,ReAct2,ToT2,pending,,
554,ToT,Baseline2,ReAct,ReAct2,Baseline,Reflection,Reflection2,ToT2,pending,,
555,ToT,Baseline2,ReAct,ToT2,Baseline,Reflection,Reflection2,ReAct2,pending,,
556,ToT,Baseline2,Reflection2,Baseline,Reflection,ReAct,ReAct2,ToT2,pending,,
557,ToT,Baseline2,Reflection2,Reflection,Baseline,ReAct,ReAct2,ToT2,pending,,
558,ToT,Baseline2,Reflection2,ReAct,Baseline,Reflection,ReAct2,ToT2,pending,,
559,ToT,Baseline2,Reflection2,ReAct2,Baseline,Reflection,ReAct,ToT2,pending,,
560,ToT,Baseline2,Reflection2,ToT2,Baseline,Reflection,ReAct,ReAct2,pending,,
561,ToT,Baseline2,ReAct2,Baseline,Reflection,ReAct,Reflection2,ToT2,pending,,
562,ToT,Baseline2,ReAct2,Reflection,Baseline,ReAct,Reflection2,ToT2,pending,,
563,ToT,Baseline2,ReAct2,ReAct,Baseline,Reflection,Reflection2,ToT2,pending,,
564,ToT,Baseline2,ReAct2,Reflection2,Baseline,Reflection,ReAct,ToT2,pending,,
565,ToT,Baseline2,ReAct2,ToT2,Baseline,Reflection,ReAct,Reflection2,pending,,
566,ToT,Baseline2,ToT2,Baseline,Reflection,ReAct,Reflection2,ReAct2,pending,,
567,ToT,Baseline2,ToT2,Reflection,Baseline,ReAct,Reflection2,ReAct2,pending,,
568,ToT,Baseline2,ToT2,ReAct,Baseline,Reflection,Reflection2,ReAct2,pending,,
569,ToT,Baseline2,ToT2,Reflection2,Baseline,Reflection,ReAct,ReAct2,pending,,
570,ToT,Baseline2,ToT2,ReAct2,Baseline,Reflection,ReAct,Reflection2,pending,,
571,ToT,Reflection2,Baseline,Reflection,ReAct,Baseline2,ReAct2,ToT2,pending,,
572,ToT,Reflection2,Baseline,ReAct,Reflection,Baseline2,ReAct2,ToT2,pending,,
573,ToT,Reflection2,Baseline,Baseline2,Reflection,ReAct,ReAct2,ToT2,pending,,
574,ToT,Reflection2,Baseline,ReAct2,Reflection,ReAct,Baseline2,ToT2,pending,,
575,ToT,Reflection2,Baseline,ToT2,Reflection,ReAct,Baseline2,ReAct2,pending,,
576,ToT,Reflection2,Reflection,Baseline,ReAct,Baseline2,ReAct2,ToT2,pending,,
577,ToT,Reflection2,Reflection,ReAct,Baseline,Baseline2,ReAct2,ToT2,pending,,
578,ToT,Reflection2,Reflection,Baseline2,Baseline,ReAct,ReAct2,ToT2,pending,,
579,ToT,Reflection2,Reflection,ReAct2,Baseline,ReAct,Baseline2,ToT2,pending,,
580,ToT,Reflection2,Reflection,ToT2,Baseline,ReAct,Baseline2,ReAct2,pending,,
581,ToT,Reflection2,ReAct,Baseline,Reflection,Baseline2,ReAct2,ToT2,pending,,
582,ToT,Reflection2,ReAct,Reflection,Baseline,Baseline2,ReAct2,ToT2,pending,,
583,ToT,Reflection2,ReAct,Baseline2,Baseline,Reflection,ReAct2,ToT2,pending,,
584,ToT,Reflection2,ReAct,ReAct2,Baseline,Reflection,Baseline2,ToT2,pending,,
585,ToT,Reflection2,ReAct,ToT2,Baseline,Reflection,Baseline2,ReAct2,pending,,
586,ToT,Reflection2,Baseline2,Baseline,Reflection,ReAct,ReAct2,ToT2,pending,,
587,ToT,Reflection2,Baseline2,Reflection,Baseline,ReAct,ReAct2,ToT2,pending,,
588,ToT,Reflection2,Baseline2,ReAct,Baseline,Reflection,ReAct2,ToT2,pending,,
589,ToT,Reflection2,Baseline2,ReAct2,Baseline,Reflection,ReAct,ToT2,pending,,
590,ToT,Reflection2,Baseline2,ToT2,Baseline,Reflection,ReAct,ReAct2,pending,,
591,ToT,Reflection2,ReAct2,Baseline,Reflection,ReAct,Baseline2,ToT2,pending,,
592,ToT,Reflection2,ReAct2,Reflection,Baseline,ReAct,Baseline2,ToT2,pending,,
593,ToT,Reflection2,ReAct2,ReAct,Baseline,Reflection,Baseline2,ToT2,pending,,
594,ToT,Reflection2,ReAct2,Baseline2,Baseline,Reflection,ReAct,ToT2,pending,,
595,ToT,Reflection2,ReAct2,ToT2,Baseline,Reflection,ReAct,Baseline2,pending,,
596,ToT,Reflection2,ToT2,Baseline,Reflection,ReAct,Baseline2,ReAct2,pending,,
597,ToT,Reflection2,ToT2,Reflection,Baseline,ReAct,Baseline2,ReAct2,pending,,
598,ToT,Reflection2,ToT2,ReAct,Baseline,Reflection,Baseline2,ReAct2,pending,,
599,ToT,Reflection2,ToT2,Baseline2,Baseline,Reflection,ReAct,ReAct2,pending,,
600,ToT,Reflection2,ToT2,ReAct2,Baseline,Reflection,ReAct,Baseline2,pending,,
601,ToT,ReAct2,Baseline,Reflection,ReAct,Baseline2,Reflection2,ToT2,pending,,
602,ToT,ReAct2,Baseline,ReAct,Reflection,Baseline2,Reflection2,ToT2,pending,,
603,ToT,ReAct2,Baseline,Baseline2,Reflection,ReAct,Reflection2,ToT2,pending,,
604,ToT,ReAct2,Baseline,Reflection2,Reflection,ReAct,Baseline2,ToT2,pending,,
605,ToT,ReAct2,Baseline,ToT2,Reflection,ReAct,Baseline2,Reflection2,pending,,
606,ToT,ReAct2,Reflection,Baseline,ReAct,Baseline2,Reflection2,ToT2,pending,,
607,ToT,ReAct2,Reflection,ReAct,Baseline,Baseline2,Reflection2,ToT2,pending,,
608,ToT,ReAct2,Reflection,Baseline2,Baseline,ReAct,Reflection2,ToT2,pending,,
609,ToT,ReAct2,Reflection,Reflection2,Baseline,ReAct,Baseline2,ToT2,pending,,
610,ToT,ReAct2,Reflection,ToT2,Baseline,ReAct,Baseline2,Reflection2,pending,,
611,ToT,ReAct2,ReAct,Baseline,Reflection,Baseline2,Reflection2,ToT2,pending,,
612,ToT,ReAct2,ReAct,Reflection,Baseline,Baseline2,Reflection2,ToT2,pending,,
613,ToT,ReAct2,ReAct,Baseline2,Baseline,Reflection,Reflection2,ToT2,pending,,
614,ToT,ReAct2,ReAct,Reflection2,Baseline,Reflection,Baseline2,ToT2,pending,,
615,ToT,ReAct2,ReAct,ToT2,Baseline,Reflection,Baseline2,Reflection2,pending,,
616,ToT,ReAct2,Baseline2,Baseline,Reflection,ReAct,Reflection2,ToT2,pending,,
617,ToT,ReAct2,Baseline2,Reflection,Baseline,ReAct,Reflection2,ToT2,pending,,
618,ToT,ReAct2,Baseline2,ReAct,Baseline,Reflection,Reflection2,ToT2,pending,,
619,ToT,ReAct2,Baseline2,Reflection2,Baseline,Reflection,ReAct,ToT2,pending,,
620,ToT,ReAct2,Baseline2,ToT2,Baseline,Reflection,ReAct,Reflection2,pending,,
621,ToT,ReAct2,Reflection2,Baseline,Reflection,ReAct,Baseline2,ToT2,pending,,
622,ToT,ReAct2,Reflection2,Reflection,Baseline,ReAct,Baseline2,ToT2,pending,,
623,ToT,ReAct2,Reflection2,ReAct,Baseline,Reflection,Baseline2,ToT2,pending,,
624,ToT,ReAct2,Reflection2,Baseline2,Baseline,Reflection,ReAct,ToT2,pending,,
625,ToT,ReAct2,Reflection2,ToT2,Baseline,Reflection,ReAct,Baseline2,pending,,
626,ToT,ReAct2,ToT2,Baseline,Reflection,ReAct,Baseline2,Reflection2,pending,,
627,ToT,ReAct2,ToT2,Reflection,Baseline,ReAct,Baseline2,Reflection2,pending,,
628,ToT,ReAct2,ToT2,ReAct,Baseline,Reflection,Baseline2,Reflection2,pending,,
629,ToT,ReAct2,ToT2,Baseline2,Baseline,Reflection,ReAct,Reflection2,pending,,
630,ToT,ReAct2,ToT2,Reflection2,Baseline,Reflection,ReAct,Baseline2,pending,,
631,ToT,ToT2,Baseline,Reflection,ReAct,Baseline2,Reflection2,ReAct2,pending,,
632,ToT,ToT2,Baseline,ReAct,Reflection,Baseline2,Reflection2,ReAct2,pending,,
633,ToT,ToT2,Baseline,Baseline2,Reflection,ReAct,Reflection2,ReAct2,pending,,
634,ToT,ToT2,Baseline,Reflection2,Reflection,ReAct,Baseline2,ReAct2,pending,,
635,ToT,ToT2,Baseline,ReAct2,Reflection,ReAct,Baseline2,Reflection2,pending,,
636,ToT,ToT2,Reflection,Baseline,ReAct,Baseline2,Reflection2,ReAct2,pending,,
637,ToT,ToT2,Reflection,ReAct,Baseline,Baseline2,Reflection2,ReAct2,pending,,
638,ToT,ToT2,Reflection,Baseline2,Baseline,ReAct,Reflection2,ReAct2,pending,,
639,ToT,ToT2,Reflection,Reflection2,Baseline,ReAct,Baseline2,ReAct2,pending,,
640,ToT,ToT2,Reflection,ReAct2,Baseline,ReAct,Baseline2,Reflection2,pending,,
641,ToT,ToT2,ReAct,Baseline,Reflection,Baseline2,Reflection2,ReAct2,pending,,
642,ToT,ToT2,ReAct,Reflection,Baseline,Baseline2,Reflection2,ReAct2,pending,,
643,ToT,ToT2,ReAct,Baseline2,Baseline,Reflection,Reflection2,ReAct2,pending,,
644,ToT,ToT2,ReAct,Reflection2,Baseline,Reflection,Baseline2,ReAct2,pending,,
645,ToT,ToT2,ReAct,ReAct2,Baseline,Reflection,Baseline2,Reflection2,pending,,
646,ToT,ToT2,Baseline2,Baseline,Reflection,ReAct,Reflection2,ReAct2,pending,,
647,ToT,ToT2,Baseline2,Reflection,Baseline,ReAct,Reflection2,ReAct2,pending,,
648,ToT,ToT2,Baseline2,ReAct,Baseline,Reflection,Reflection2,ReAct2,pending,,
649,ToT,ToT2,Baseline2,Reflection2,Baseline,Reflection,ReAct,ReAct2,pending,,
650,ToT,ToT2,Baseline2,ReAct2,Baseline,Reflection,ReAct,Reflection2,pending,,
651,ToT,ToT2,Reflection2,Baseline,Reflection,ReAct,Baseline2,ReAct2,pending,,
652,ToT,ToT2,Reflection2,Reflection,Baseline,ReAct,Baseline2,ReAct2,pending,,
653,ToT,ToT2,Reflection2,ReAct,Baseline,Reflection,Baseline2,ReAct2,pending,,
654,ToT,ToT2,Reflection2,Baseline2,Baseline,Reflection,ReAct,ReAct2,pending,,
655,ToT,ToT2,Reflection2,ReAct2,Baseline,Reflection,ReAct,Baseline2,pending,,
656,ToT,ToT2,ReAct2,Baseline,Reflection,ReAct,Baseline2,Reflection2,pending,,
657,ToT,ToT2,ReAct2,Reflection,Baseline,ReAct,Baseline2,Reflection2,pending,,
658,ToT,ToT2,ReAct2,ReAct,Baseline,Reflection,Baseline2,Reflection2,pending,,
659,ToT,ToT2,ReAct2,Baseline2,Baseline,Reflection,ReAct,Reflection2,pending,,
660,ToT,ToT2,ReAct2,Reflection2,Baseline,Reflection,ReAct,Baseline2,pending,,
661,Baseline2,Reflection2,Baseline,Reflection,ReAct,ToT,ReAct2,ToT2,pending,,
662,Baseline2,Reflection2,Baseline,ReAct,Reflection,ToT,ReAct2,ToT2,pending,,
663,Baseline2,Reflection2,Baseline,ToT,Reflection,ReAct,ReAct2,ToT2,pending,,
664,Baseline2,Reflection2,Baseline,ReAct2,Reflection,ReAct,ToT,ToT2,pending,,
665,Baseline2,Reflection2,Baseline,ToT2,Reflection,ReAct,ToT,ReAct2,pending,,
666,Baseline2,Reflection2,Reflection,Baseline,ReAct,ToT,ReAct2,ToT2,pending,,
667,Baseline2,Reflection2,Reflection,ReAct,Baseline,ToT,ReAct2,ToT2,pending,,
668,Baseline2,Reflection2,Reflection,ToT,Baseline,ReAct,ReAct2,ToT2,pending,,
669,Baseline2,Reflection2,Reflection,ReAct2,Baseline,ReAct,ToT,ToT2,pending,,
670,Baseline2,Reflection2,Reflection,ToT2,Baseline,ReAct,ToT,ReAct2,pending,,
671,Baseline2,Reflection2,ReAct,Baseline,Reflection,ToT,ReAct2,ToT2,pending,,
672,Baseline2,Reflection2,ReAct,Reflection,Baseline,ToT,ReAct2,ToT2,pending,,
673,Baseline2,Reflection2,ReAct,ToT,Baseline,Reflection,ReAct2,ToT2,pending,,
674,Baseline2,Reflection2,ReAct,ReAct2,Baseline,Reflection,ToT,ToT2,pending,,
675,Baseline2,Reflection2,ReAct,ToT2,Baseline,Reflection,ToT,ReAct2,pending,,
676,Baseline2,Reflection2,ToT,Baseline,Reflection,ReAct,ReAct2,ToT2,pending,,
677,Baseline2,Reflection2,ToT,Reflection,Baseline,ReAct,ReAct2,ToT2,pending,,
678,Baseline2,Reflection2,ToT,ReAct,Baseline,Reflection,ReAct2,ToT2,pending,,
679,Baseline2,Reflection2,ToT,ReAct2,Baseline,Reflection,ReAct,ToT2,pending,,
680,Baseline2,Reflection2,ToT,ToT2,Baseline,Reflection,ReAct,ReAct2,pending,,
681,Baseline2,Reflection2,ReAct2,Baseline,Reflection,ReAct,ToT,ToT2,pending,,
682,Baseline2,Reflection2,ReAct2,Reflection,Baseline,ReAct,ToT,ToT2,pending,,
683,Baseline2,Reflection2,ReAct2,ReAct,Baseline,Reflection,ToT,ToT2,pending,,
684,Baseline2,Reflection2,ReAct2,ToT,Baseline,Reflection,ReAct,ToT2,pending,,
685,Baseline2,Reflection2,ReAct2,ToT2,Baseline,Reflection,ReAct,ToT,pending,,
686,Baseline2,Reflection2,ToT2,Baseline,Reflection,ReAct,ToT,ReAct2,pending,,
687,Baseline2,Reflection2,ToT2,Reflection,Baseline,ReAct,ToT,ReAct2,pending,,
688,Baseline2,Reflection2,ToT2,ReAct,Baseline,Reflection,ToT,ReAct2,pending,,
689,Baseline2,Reflection2,ToT2,ToT,Baseline,Reflection,ReAct,ReAct2,pending,,
690,Baseline2,Reflection2,ToT2,ReAct2,Baseline,Reflection,ReAct,ToT,pending,,
691,Baseline2,ReAct2,Baseline,Reflection,ReAct,ToT,Reflection2,ToT2,pending,,
692,Baseline2,ReAct2,Baseline,ReAct,Reflection,ToT,Reflection2,ToT2,pending,,
693,Baseline2,ReAct2,Baseline,ToT,Reflection,ReAct,Reflection2,ToT2,pending,,
694,Baseline2,ReAct2,Baseline,Reflection2,Reflection,ReAct,ToT,ToT2,pending,,
695,Baseline2,ReAct2,Baseline,ToT2,Reflection,ReAct,ToT,Reflection2,pending,,
696,Baseline2,ReAct2,Reflection,Baseline,ReAct,ToT,Reflection2,ToT2,pending,,
697,Baseline2,ReAct2,Reflection,ReAct,Baseline,ToT,Reflection2,ToT2,pending,,
698,Baseline2,ReAct2,Reflection,ToT,Baseline,ReAct,Reflection2,ToT2,pending,,
699,Baseline2,ReAct2,Reflection,Reflection2,Baseline,ReAct,ToT,ToT2,pending,,
700,Baseline2,ReAct2,Reflection,ToT2,Baseline,ReAct,ToT,Reflection2,pending,,
701,Baseline2,ReAct2,ReAct,Baseline,Reflection,ToT,Reflection2,ToT2,pending,,
702,Baseline2,ReAct2,ReAct,Reflection,Baseline,ToT,Reflection2,ToT2,pending,,
703,Baseline2,ReAct2,ReAct,ToT,Baseline,Reflection,Reflection2,ToT2,pending,,
704,Baseline2,ReAct2,ReAct,Reflection2,Baseline,Reflection,ToT,ToT2,pending,,
705,Baseline2,ReAct2,ReAct,ToT2,Baseline,Reflection,ToT,Reflection2,pending,,
706,Baseline2,ReAct2,ToT,Baseline,Reflection,ReAct,Reflection2,ToT2,pending,,
707,Baseline2,ReAct2,ToT,Reflection,Baseline,ReAct,Reflection2,ToT2,pending,,
708,Baseline2,ReAct2,ToT,ReAct,Baseline,Reflection,Reflection2,ToT2,pending,,
709,Baseline2,ReAct2,ToT,Reflection2,Baseline,Reflection,ReAct,ToT2,pending,,
710,Baseline2,ReAct2,ToT,ToT2,Baseline,Reflection,ReAct,Reflection2,pending,,
711,Baseline2,ReAct2,Reflection2,Baseline,Reflection,ReAct,ToT,ToT2,pending,,
712,Baseline2,ReAct2,Reflection2,Reflection,Baseline,ReAct,ToT,ToT2,pending,,
713,Baseline2,ReAct2,Reflection2,ReAct,Baseline,Reflection,ToT,ToT2,pending,,
714,Baseline2,ReAct2,Reflection2,ToT,Baseline,Reflection,ReAct,ToT2,pending,,
715,Baseline2,ReAct2,Reflection2,ToT2,Baseline,Reflection,ReAct,ToT,pending,,
716,Baseline2,ReAct2,ToT2,Baseline,Reflection,ReAct,ToT,Reflection2,pending,,
717,Baseline2,ReAct2,ToT2,Reflection,Baseline,ReAct,ToT,Reflection2,pending,,
718,Baseline2,ReAct2,ToT2,ReAct,Baseline,Reflection,ToT,Reflection2,pending,,
719,Baseline2,ReAct2,ToT2,ToT,Baseline,Reflection,ReAct,Reflection2,pending,,
720,Baseline2,ReAct2,ToT2,Reflection2,Baseline,Reflection,ReAct,ToT,pending,,
721,Baseline2,ToT2,Baseline,Reflection,ReAct,ToT,Reflection2,ReAct2,pending,,
722,Baseline2,ToT2,Baseline,ReAct,Reflection,ToT,Reflection2,ReAct2,pending,,
723,Baseline2,ToT2,Baseline,ToT,Reflection,ReAct,Reflection2,ReAct2,pending,,
724,Baseline2,ToT2,Baseline,Reflection2,Reflection,ReAct,ToT,ReAct2,pending,,
725,Baseline2,ToT2,Baseline,ReAct2,Reflection,ReAct,ToT,Reflection2,pending,,
726,Baseline2,ToT2,Reflection,Baseline,ReAct,ToT,Reflection2,ReAct2,pending,,
727,Baseline2,ToT2,Reflection,ReAct,Baseline,ToT,Reflection2,ReAct2,pending,,
728,Baseline2,ToT2,Reflection,ToT,Baseline,ReAct,Reflection2,ReAct2,pending,,
729,Baseline2,ToT2,Reflection,Reflection2,Baseline,ReAct,ToT,ReAct2,pending,,
730,Baseline2,ToT2,Reflection,ReAct2,Baseline,ReAct,ToT,Reflection2,pending,,
731,Baseline2,ToT2,ReAct,Baseline,Reflection,ToT,Reflection2,ReAct2,pending,,
732,Baseline2,ToT2,ReAct,Reflection,Baseline,ToT,Reflection2,ReAct2,pending,,
733,Baseline2,ToT2,ReAct,ToT,Baseline,Reflection,Reflection2,ReAct2,pending,,
734,Baseline2,ToT2,ReAct,Reflection2,Baseline,Reflection,ToT,ReAct2,pending,,
735,Baseline2,ToT2,ReAct,ReAct2,Baseline,Reflection,ToT,Reflection2,pending,,
736,Baseline2,ToT2,ToT,Baseline,Reflection,ReAct,Reflection2,ReAct2,pending,,
737,Baseline2,ToT2,ToT,Reflection,Baseline,ReAct,Reflection2,ReAct2,pending,,
738,Baseline2,ToT2,ToT,ReAct,Baseline,Reflection,Reflection2,ReAct2,pending,,
739,Baseline2,ToT2,ToT,Reflection2,Baseline,Reflection,ReAct,ReAct2,pending,,
740,Baseline2,ToT2,ToT,ReAct2,Baseline,Reflection,ReAct,Reflection2,pending,,
741,Baseline2,ToT2,Reflection2,Baseline,Reflection,ReAct,ToT,ReAct2,pending,,
742,Baseline2,ToT2,Reflection2,Reflection,Baseline,ReAct,ToT,ReAct2,pending,,
743,Baseline2,ToT2,Reflection2,ReAct,Baseline,Reflection,ToT,ReAct2,pending,,
744,Baseline2,ToT2,Reflection2,ToT,Baseline,Reflection,ReAct,ReAct2,pending,,
745,Baseline2,ToT2,Reflection2,ReAct2,Baseline,Reflection,ReAct,ToT,pending,,
746,Baseline2,ToT2,ReAct2,Baseline,Reflection,ReAct,ToT,Reflection2,pending,,
747,Baseline2,ToT2,ReAct2,Reflection,Baseline,ReAct,ToT,Reflection2,pending,,
748,Baseline2,ToT2,ReAct2,ReAct,Baseline,Reflection,ToT,Reflection2,pending,,
749,Baseline2,ToT2,ReAct2,ToT,Baseline,Reflection,ReAct,Reflection2,pending,,
750,Baseline2,ToT2,ReAct2,Reflection2,Baseline,Reflection,ReAct,ToT,pending,,
751,Reflection2,ReAct2,Baseline,Reflection,ReAct,ToT,Baseline2,ToT2,pending,,
752,Reflection2,ReAct2,Baseline,ReAct,Reflection,ToT,Baseline2,ToT2,pending,,
753,Reflection2,ReAct2,Baseline,ToT,Reflection,ReAct,Baseline2,ToT2,pending,,
754,Reflection2,ReAct2,Baseline,Baseline2,Reflection,ReAct,ToT,ToT2,pending,,
755,Reflection2,ReAct2,Baseline,ToT2,Reflection,ReAct,ToT,Baseline2,pending,,
756,Reflection2,ReAct2,Reflection,Baseline,ReAct,ToT,Baseline2,ToT2,pending,,
757,Reflection2,ReAct2,Reflection,ReAct,Baseline,ToT,Baseline2,ToT2,pending,,
758,Reflection2,ReAct2,Reflection,ToT,Baseline,ReAct,Baseline2,ToT2,pending,,
759,Reflection2,ReAct2,Reflection,Baseline2,Baseline,ReAct,ToT,ToT2,pending,,
760,Reflection2,ReAct2,Reflection,ToT2,Baseline,ReAct,ToT,Baseline2,pending,,
761,Reflection2,ReAct2,ReAct,Baseline,Reflection,ToT,Baseline2,ToT2,pending,,
762,Reflection2,ReAct2,ReAct,Reflection,Baseline,ToT,Baseline2,ToT2,pending,,
763,Reflection2,ReAct2,ReAct,ToT,Baseline,Reflection,Baseline2,ToT2,pending,,
764,Reflection2,ReAct2,ReAct,Baseline2,Baseline,Reflection,ToT,ToT2,pending,,
765,Reflection2,ReAct2,ReAct,ToT2,Baseline,Reflection,ToT,Baseline2,pending,,
766,Reflection2,ReAct2,ToT,Baseline,Reflection,ReAct,Baseline2,ToT2,pending,,
767,Reflection2,ReAct2,ToT,Reflection,Baseline,ReAct,Baseline2,ToT2,pending,,
768,Reflection2,ReAct2,ToT,ReAct,Baseline,Reflection,Baseline2,ToT2,pending,,
769,Reflection2,ReAct2,ToT,Baseline2,Baseline,Reflection,ReAct,ToT2,pending,,
770,Reflection2,ReAct2,ToT,ToT2,Baseline,Reflection,ReAct,Baseline2,pending,,
771,Reflection2,ReAct2,Baseline2,Baseline,Reflection,ReAct,ToT,ToT2,pending,,
772,Reflection2,ReAct2,Baseline2,Reflection,Baseline,ReAct,ToT,ToT2,pending,,
773,Reflection2,ReAct2,Baseline2,ReAct,Baseline,Reflection,ToT,ToT2,pending,,
774,Reflection2,ReAct2,Baseline2,ToT,Baseline,Reflection,ReAct,ToT2,pending,,
775,Reflection2,ReAct2,Baseline2,ToT2,Baseline,Reflection,ReAct,ToT,pending,,
776,Reflection2,ReAct2,ToT2,Baseline,Reflection,ReAct,ToT,Baseline2,pending,,
777,Reflection2,ReAct2,ToT2,Reflection,Baseline,ReAct,ToT,Baseline2,pending,,
778,Reflection2,ReAct2,ToT2,ReAct,Baseline,Reflection,ToT,Baseline2,pending,,
779,Reflection2,ReAct2,ToT2,ToT,Baseline,Reflection,ReAct,Baseline2,pending,,
780,Reflection2,ReAct2,ToT2,Baseline2,Baseline,Reflection,ReAct,ToT,pending,,
781,Reflection2,ToT2,Baseline,Reflection,ReAct,ToT,Baseline2,ReAct2,pending,,
782,Reflection2,ToT2,Baseline,ReAct,Reflection,ToT,Baseline2,ReAct2,pending,,
783,Reflection2,ToT2,Baseline,ToT,Reflection,ReAct,Baseline2,ReAct2,pending,,
784,Reflection2,ToT2,Baseline,Baseline2,Reflection,ReAct,ToT,ReAct2,pending,,
785,Reflection2,ToT2,Baseline,ReAct2,Reflection,ReAct,ToT,Baseline2,pending,,
786,Reflection2,ToT2,Reflection,Baseline,ReAct,ToT,Baseline2,ReAct2,pending,,
787,Reflection2,ToT2,Reflection,ReAct,Baseline,ToT,Baseline2,ReAct2,pending,,
788,Reflection2,ToT2,Reflection,ToT,Baseline,ReAct,Baseline2,ReAct2,pending,,
789,Reflection2,ToT2,Reflection,Baseline2,Baseline,ReAct,ToT,ReAct2,pending,,
790,Reflection2,ToT2,Reflection,ReAct2,Baseline,ReAct,ToT,Baseline2,pending,,
791,Reflection2,ToT2,ReAct,Baseline,Reflection,ToT,Baseline2,ReAct2,pending,,
792,Reflection2,ToT2,ReAct,Reflection,Baseline,ToT,Baseline2,ReAct2,pending,,
793,Reflection2,ToT2,ReAct,ToT,Baseline,Reflection,Baseline2,ReAct2,pending,,
794,Reflection2,ToT2,ReAct,Baseline2,Baseline,Reflection,ToT,ReAct2,pending,,
795,Reflection2,ToT2,ReAct,ReAct2,Baseline,Reflection,ToT,Baseline2,pending,,
796,Reflection2,ToT2,ToT,Baseline,Reflection,ReAct,Baseline2,ReAct2,pending,,
797,Reflection2,ToT2,ToT,Reflection,Baseline,ReAct,Baseline2,ReAct2,pending,,
798,Reflection2,ToT2,ToT,ReAct,Baseline,Reflection,Baseline2,ReAct2,pending,,
799,Reflection2,ToT2,ToT,Baseline2,Baseline,Reflection,ReAct,ReAct2,pending,,
800,Reflection2,ToT2,ToT,ReAct2,Baseline,Reflection,ReAct,Baseline2,pending,,
801,Reflection2,ToT2,Baseline2,Baseline,Reflection,ReAct,ToT,ReAct2,pending,,
802,Reflection2,ToT2,Baseline2,Reflection,Baseline,ReAct,ToT,ReAct2,pending,,
803,Reflection2,ToT2,Baseline2,ReAct,Baseline,Reflection,ToT,ReAct2,pending,,
804,Reflection2,ToT2,Baseline2,ToT,Baseline,Reflection,ReAct,ReAct2,pending,,
805,Reflection2,ToT2,Baseline2,ReAct2,Baseline,Reflection,ReAct,ToT,pending,,
806,Reflection2,ToT2,ReAct2,Baseline,Reflection,ReAct,ToT,Baseline2,pending,,
807,Reflection2,ToT2,ReAct2,Reflection,Baseline,ReAct,ToT,Baseline2,pending,,
808,Reflection2,ToT2,ReAct2,ReAct,Baseline,Reflection,ToT,Baseline2,pending,,
809,Reflection2,ToT2,ReAct2,ToT,Baseline,Reflection,ReAct,Baseline2,pending,,
810,Reflection2,ToT2,ReAct2,Baseline2,Baseline,Reflection,ReAct,ToT,pending,,
811,ReAct2,ToT2,Baseline,Reflection,ReAct,ToT,Baseline2,Reflection2,pending,,
812,ReAct2,ToT2,Baseline,ReAct,Reflection,ToT,Baseline2,Reflection2,pending,,
813,ReAct2,ToT2,Baseline,ToT,Reflection,ReAct,Baseline2,Reflection2,pending,,
814,ReAct2,ToT2,Baseline,Baseline2,Reflection,ReAct,ToT,Reflection2,pending,,
815,ReAct2,ToT2,Baseline,Reflection2,Reflection,ReAct,ToT,Baseline2,pending,,
816,ReAct2,ToT2,Reflection,Baseline,ReAct,ToT,Baseline2,Reflection2,pending,,
817,ReAct2,ToT2,Reflection,ReAct,Baseline,ToT,Baseline2,Reflection2,pending,,
818,ReAct2,ToT2,Reflection,ToT,Baseline,ReAct,Baseline2,Reflection2,pending,,
819,ReAct2,ToT2,Reflection,Baseline2,Baseline,ReAct,ToT,Reflection2,pending,,
820,ReAct2,ToT2,Reflection,Reflection2,Baseline,ReAct,ToT,Baseline2,pending,,
821,ReAct2,ToT2,ReAct,Baseline,Reflection,ToT,Baseline2,Reflection2,pending,,
822,ReAct2,ToT2,ReAct,Reflection,Baseline,ToT,Baseline2,Reflection2,pending,,
823,ReAct2,ToT2,ReAct,ToT,Baseline,Reflection,Baseline2,Reflection2,pending,,
824,ReAct2,ToT2,ReAct,Baseline2,Baseline,Reflection,ToT,Reflection2,pending,,
825,ReAct2,ToT2,ReAct,Reflection2,Baseline,Reflection,ToT,Baseline2,pending,,
826,ReAct2,ToT2,ToT,Baseline,Reflection,ReAct,Baseline2,Reflection2,pending,,
827,ReAct2,ToT2,ToT,Reflection,Baseline,ReAct,Baseline2,Reflection2,pending,,
828,ReAct2,ToT2,ToT,ReAct,Baseline,Reflection,Baseline2,Reflection2,pending,,
829,ReAct2,ToT2,ToT,Baseline2,Baseline,Reflection,ReAct,Reflection2,pending,,
830,ReAct2,ToT2,ToT,Reflection2,Baseline,Reflection,ReAct,Baseline2,pending,,
831,ReAct2,ToT2,Baseline2,Baseline,Reflection,ReAct,ToT,Reflection2,pending,,
832,ReAct2,ToT2,Baseline2,Reflection,Baseline,ReAct,ToT,Reflection2,pending,,
833,ReAct2,ToT2,Baseline2,ReAct,Baseline,Reflection,ToT,Reflection2,pending,,
834,ReAct2,ToT2,Baseline2,ToT,Baseline,Reflection,ReAct,Reflection2,pending,,
835,ReAct2,ToT2,Baseline2,Reflection2,Baseline,Reflection,ReAct,ToT,pending,,
836,ReAct2,ToT2,Reflection2,Baseline,Reflection,ReAct,ToT,Baseline2,pending,,
837,ReAct2,ToT2,Reflection2,Reflection,Baseline,ReAct,ToT,Baseline2,pending,,
838,ReAct2,ToT2,Reflection2,ReAct,Baseline,Reflection,ToT,Baseline2,pending,,
839,ReAct2,ToT2,Reflection2,ToT,Baseline,Reflection,ReAct,Baseline2,pending,,
840,ReAct2,ToT2,Reflection2,Baseline2,Baseline,Reflection,ReAct,ToT,pending,,
